,CCS,PrecIntensity,PrecMz,Precursor,RetTime,reps,Sample
0,102.92,37426.5,151.03355,Z1MZ151TIM3P1,3.8360000000000003,2.0,SW218968-1
1,147.74,34426.0,321.13009999999997,Z1MZ321TIM1P1,1.6309999999999998,2.0,SW218968-1
2,196.335,179590.0,236.08105,Z2MZ236TIM2P1,2.4345,2.0,SW218968-1
3,205.265,211591.0,413.2665,Z1MZ413TIM3P1,3.6864999999999997,2.0,SW218968-1
4,142.48000000000002,357888.5,305.1576,Z1MZ305TIM1P1,1.6309999999999998,2.0,SW218968-1
5,153.095,283622.0,427.8076,Z1MZ427TIM0P1,0.535,2.0,SW218968-1
6,152.98,421327.5,427.8073,Z1MZ427TIM0P2,0.7845,2.0,SW218968-1
7,99.28,14604.0,131.08575000000002,Z1MZ131TIM3P1,3.242,2.0,SW218968-1
8,196.055,117491.5,503.30605,Z1MZ503TIM2P1,2.0275,2.0,SW218968-1
9,237.115,99847.0,724.217,Z1MZ724TIM3P1,3.7615,2.0,SW218968-1
10,114.73,39414.0,241.88434999999998,Z1MZ241TIM6P1,6.4334999999999996,2.0,SW218968-1
11,281.905,162839.5,743.41805,Z1MZ743TIM5P1,5.018,2.0,SW218968-1
12,175.635,393355.0,351.15689999999995,Z1MZ351TIM3P1,3.8920000000000003,2.0,SW218968-1
13,96.845,60973.5,129.07045,Z1MZ129TIM2P1,2.368,2.0,SW218968-1
14,133.515,48407.5,319.0331,Z1MZ319TIM2P1,2.4385000000000003,2.0,SW218968-1
15,108.485,81749.0,151.11295,Z1MZ151TIM4P1,4.569,2.0,SW218968-1
16,137.765,11636.0,231.17415,Z1MZ231TIM5P1,5.398,2.0,SW218968-1
17,101.37,982087.5,150.9518,Z1MZ150TIM0P1,0.7709999999999999,2.0,SW218968-1
18,134.055,628258.5,222.1126,Z1MZ222TIM0P1,0.526,2.0,SW218968-1
19,134.165,712264.0,222.11284999999998,Z1MZ222TIM0P2,0.7625,2.0,SW218968-1
20,104.465,26044.5,167.99425000000002,Z1MZ167TIM4P1,4.0225,2.0,SW218968-1
21,104.34,17270.5,167.99464999999998,Z1MZ167TIM4P2,4.686,2.0,SW218968-1
22,104.37,72055.5,167.9947,Z1MZ167TIM4P3,4.425,2.0,SW218968-1
23,120.37,70958.0,177.12865,Z1MZ177TIM5P1,5.1625,2.0,SW218968-1
24,120.7,36599.5,202.06945000000002,Z1MZ202TIM3P1,3.8609999999999998,2.0,SW218968-1
25,97.39500000000001,425149.5,118.08709999999999,Z1MZ118TIM3P1,3.5165,2.0,SW218968-1
26,122.17,87045.0,187.24435,Z1MZ187TIM3P1,3.3594999999999997,2.0,SW218968-1
27,122.16499999999999,7142736.0,187.1301,Z1MZ187TIM3P2,3.3594999999999997,2.0,SW218968-1
28,139.565,46959.5,198.18540000000002,Z1MZ198TIM3P1,3.111,2.0,SW218968-1
29,157.33999999999997,44438.5,365.15864999999997,Z1MZ365TIM1P1,1.74,2.0,SW218968-1
30,237.99,17845.5,701.39375,Z1MZ701TIM2P1,2.2335000000000003,2.0,SW218968-1
31,227.37,32011.5,609.33965,Z1MZ609TIM5P1,5.179499999999999,2.0,SW218968-1
32,142.69,154038.0,225.1966,Z1MZ225TIM6P1,6.3454999999999995,2.0,SW218968-1
33,142.57,535266.0,225.19745,Z1MZ225TIM6P2,6.2410000000000005,2.0,SW218968-1
34,162.82,89303.0,393.2096,Z1MZ393TIM6P1,6.388999999999999,2.0,SW218968-1
35,134.2,248990.5,224.1292,Z1MZ224TIM6P1,6.385,2.0,SW218968-1
36,138.845,16885.0,285.0173,Z1MZ285TIM3P1,3.3810000000000002,2.0,SW218968-1
37,165.08999999999997,86342.5,457.15395,Z1MZ457TIM2P1,2.753,2.0,SW218968-1
38,126.78999999999999,12146.0,184.1705,Z1MZ184TIM3P1,3.618,2.0,SW218968-1
39,133.29500000000002,23976.5,226.12369999999999,Z1MZ226TIM3P1,3.8315,2.0,SW218968-1
40,129.47,38626.5,199.1813,Z1MZ199TIM5P1,5.141500000000001,2.0,SW218968-1
41,107.67,30128.5,157.1008,Z1MZ157TIM3P1,3.2505,2.0,SW218968-1
42,108.375,90356.0,157.10125,Z1MZ157TIM3P2,3.0495,2.0,SW218968-1
43,120.19999999999999,56148.5,177.12855000000002,Z1MZ177TIM3P1,3.2154999999999996,2.0,SW218968-1
44,110.23,36629.5,177.92995000000002,Z1MZ177TIM3P2,3.0715000000000003,2.0,SW218968-1
45,217.74,244915.0,511.384,Z1MZ511TIM4P1,4.8309999999999995,2.0,SW218968-1
46,185.16,145915.0,369.2618,Z1MZ369TIM5P1,5.821999999999999,2.0,SW218968-1
47,131.56,14008.5,220.11145,Z1MZ220TIM0P1,0.27349999999999997,2.0,SW218968-1
48,114.775,25102.5,175.1116,Z1MZ175TIM2P1,2.8659999999999997,2.0,SW218968-1
49,129.91000000000003,52961.0,301.9154,Z1MZ301TIM3P1,3.4779999999999998,2.0,SW218968-1
50,165.75,3622428.5,301.07955000000004,Z1MZ301TIM3P2,3.556,2.0,SW218968-1
51,165.805,175233.5,301.22434999999996,Z1MZ301TIM3P3,3.5605,2.0,SW218968-1
52,182.645,3310759.5,425.13689999999997,Z1MZ425TIM3P1,3.766,2.0,SW218968-1
53,133.925,74969.0,198.1857,Z1MZ198TIM4P1,4.308,2.0,SW218968-1
54,168.81,17886.0,308.21259999999995,Z1MZ308TIM3P1,3.0625,2.0,SW218968-1
55,169.75,49655.5,308.21115,Z1MZ308TIM3P2,3.2065,2.0,SW218968-1
56,189.25,76415.0,425.13495,Z1MZ425TIM4P1,4.1795,2.0,SW218968-1
57,194.655,351818.5,425.2153,Z1MZ425TIM4P2,4.591,2.0,SW218968-1
58,142.695,33475.5,273.16755,Z1MZ273TIM2P1,2.3209999999999997,2.0,SW218968-1
59,143.095,110698.0,273.16775,Z1MZ273TIM2P2,2.7355,2.0,SW218968-1
60,111.07499999999999,58682.0,246.86335,Z1MZ246TIM6P1,6.407,2.0,SW218968-1
61,147.435,15070.0,271.1884,Z1MZ271TIM3P1,3.7479999999999998,2.0,SW218968-1
62,124.63,17591.0,253.03635,Z1MZ253TIM3P1,3.364,2.0,SW218968-1
63,163.145,58073.5,393.21065,Z1MZ393TIM5P1,5.2940000000000005,2.0,SW218968-1
64,163.21499999999997,38589.5,393.20995,Z1MZ393TIM5P2,5.407,2.0,SW218968-1
65,211.74,495994.0,484.38435000000004,Z1MZ484TIM4P1,4.8435,2.0,SW218968-1
66,212.94,93395.5,504.1546,Z1MZ504TIM5P1,5.363,2.0,SW218968-1
67,272.62,282912.5,929.19885,Z1MZ929TIM3P1,3.7525,2.0,SW218968-1
68,149.535,58530.0,387.95529999999997,Z1MZ387TIM2P1,2.43,2.0,SW218968-1
69,130.96499999999997,19157.5,220.1126,Z1MZ220TIM1P1,1.2955,2.0,SW218968-1
70,131.485,30583.0,220.112,Z1MZ220TIM1P2,1.705,2.0,SW218968-1
71,131.3,36145.5,220.11214999999999,Z1MZ220TIM1P3,1.875,2.0,SW218968-1
72,106.985,130226.0,163.0769,Z1MZ163TIM3P1,3.3855000000000004,2.0,SW218968-1
73,162.115,335328.0,333.16705,Z1MZ333TIM4P1,4.407500000000001,2.0,SW218968-1
74,157.885,120011.5,440.87104999999997,Z1MZ440TIM6P1,6.394,2.0,SW218968-1
75,153.885,134498.5,303.1202,Z1MZ303TIM4P1,4.159,2.0,SW218968-1
76,178.245,16214.5,284.2943,Z1MZ284TIM5P1,5.8740000000000006,2.0,SW218968-1
77,143.83499999999998,32239.5,284.81435,Z1MZ284TIM5P2,5.9094999999999995,2.0,SW218968-1
78,189.25,1531449.5,399.30780000000004,Z1MZ399TIM5P1,5.5600000000000005,2.0,SW218968-1
79,194.63,150403.5,399.21180000000004,Z1MZ399TIM5P2,5.9315,2.0,SW218968-1
80,134.96,905623.5,327.88205,Z1MZ327TIM0P1,0.5305,2.0,SW218968-1
81,189.015,74056.5,435.16735,Z1MZ435TIM6P1,6.376,2.0,SW218968-1
82,189.58499999999998,23180.5,435.1674,Z1MZ435TIM6P2,6.119,2.0,SW218968-1
83,134.075,85092.0,307.91319999999996,Z1MZ307TIM0P1,0.6625,2.0,SW218968-1
84,134.155,26598.5,307.91420000000005,Z1MZ307TIM0P2,0.8540000000000001,2.0,SW218968-1
85,283.525,37052.5,241.11255,Z2MZ241TIM4P1,4.2195,2.0,SW218968-1
86,171.94,88526.0,379.18825000000004,Z1MZ379TIM5P1,5.106,2.0,SW218968-1
87,128.75,12308.0,219.1027,Z1MZ219TIM1P1,1.7755,2.0,SW218968-1
88,123.46000000000001,48443.0,217.1071,Z1MZ217TIM3P1,3.3209999999999997,2.0,SW218968-1
89,132.635,206242.5,288.92505,Z1MZ288TIM6P1,6.3895,2.0,SW218968-1
90,267.68,475780.5,415.14115,Z2MZ415TIM3P1,3.7615,2.0,SW218968-1
91,134.745,150755.5,264.05115,Z1MZ264TIM4P1,4.425,2.0,SW218968-1
92,122.58500000000001,6559.0,250.87715,Z1MZ250TIM2P1,2.534,2.0,SW218968-1
93,135.32999999999998,264996.5,224.12885,Z1MZ224TIM2P1,2.2995,2.0,SW218968-1
94,135.205,378290.5,224.1286,Z1MZ224TIM2P2,2.6485,2.0,SW218968-1
95,133.95,132774.5,224.12885,Z1MZ224TIM2P3,2.9189999999999996,2.0,SW218968-1
96,247.13,210285.0,313.14149999999995,Z2MZ313TIM3P1,3.3594999999999997,2.0,SW218968-1
97,205.67000000000002,3443833.0,489.2287,Z1MZ489TIM3P1,3.7569999999999997,2.0,SW218968-1
98,183.03,1156361.0,437.163,Z1MZ437TIM4P1,4.1505,2.0,SW218968-1
99,190.7,492443.0,437.1657,Z1MZ437TIM4P2,4.695,2.0,SW218968-1
100,172.33,2818171.5,409.15335000000005,Z1MZ409TIM3P1,3.6220000000000003,2.0,SW218968-1
101,179.04,1658518.5,409.33725,Z1MZ409TIM3P2,3.7615,2.0,SW218968-1
102,179.2,178258.0,409.5078,Z1MZ409TIM3P3,3.7615,2.0,SW218968-1
103,182.68,850738.5,409.1624,Z1MZ409TIM3P4,3.565,2.0,SW218968-1
104,103.49000000000001,51774.0,128.14445,Z1MZ128TIM6P1,6.385,2.0,SW218968-1
105,86.295,57111.0,128.952,Z1MZ128TIM6P2,6.66,2.0,SW218968-1
106,137.745,27922.5,234.14915000000002,Z1MZ234TIM2P1,2.4825,2.0,SW218968-1
107,145.38,102706.5,279.09365,Z1MZ279TIM7P1,7.4505,2.0,SW218968-1
108,215.5,241017.5,501.3747,Z1MZ501TIM5P1,5.896000000000001,2.0,SW218968-1
109,119.11,39526.5,247.9213,Z1MZ247TIM0P1,0.911,2.0,SW218968-1
110,207.22,409303.0,458.16925000000003,Z1MZ458TIM5P1,5.3495,2.0,SW218968-1
111,159.85500000000002,181641.0,286.18075,Z1MZ286TIM2P1,2.2245,2.0,SW218968-1
112,128.35,57170.5,286.03575,Z1MZ286TIM2P2,2.443,2.0,SW218968-1
113,178.495,202722.0,377.1363,Z1MZ377TIM4P1,4.5515,2.0,SW218968-1
114,178.725,1439702.5,377.13715,Z1MZ377TIM4P2,4.734500000000001,2.0,SW218968-1
115,176.36,199167.0,377.13689999999997,Z1MZ377TIM4P3,4.861000000000001,2.0,SW218968-1
116,105.30000000000001,60510.5,145.1015,Z1MZ145TIM4P1,4.760999999999999,2.0,SW218968-1
117,145.275,108475.5,250.17825,Z1MZ250TIM3P1,3.5165,2.0,SW218968-1
118,174.64,117144.0,381.1299,Z1MZ381TIM5P1,5.052999999999999,2.0,SW218968-1
119,144.95499999999998,310711.5,362.93025,Z1MZ362TIM6P1,6.385,2.0,SW218968-1
120,134.88,427952.5,207.1752,Z1MZ207TIM4P1,4.577500000000001,2.0,SW218968-1
121,149.01,30765.0,266.1727,Z1MZ266TIM3P1,3.1155,2.0,SW218968-1
122,178.52999999999997,282565.0,387.35005,Z1MZ387TIM3P1,3.7615,2.0,SW218968-1
123,178.94,15035918.0,387.183,Z1MZ387TIM3P2,3.7705,2.0,SW218968-1
124,188.93,80510.0,476.3073,Z1MZ476TIM1P1,1.963,2.0,SW218968-1
125,109.43,1603100.0,173.0838,Z1MZ173TIM2P1,2.4345,2.0,SW218968-1
126,195.12,693306.5,467.1394,Z1MZ467TIM3P1,3.355,2.0,SW218968-1
127,196.49,338563.0,407.27745,Z1MZ407TIM5P1,5.5905000000000005,2.0,SW218968-1
128,122.16,27259.0,187.1268,Z1MZ187TIM2P1,2.6270000000000002,2.0,SW218968-1
129,120.09,599717.0,187.11575,Z1MZ187TIM2P2,2.8485,2.0,SW218968-1
130,122.49000000000001,35220.5,187.1267,Z1MZ187TIM2P3,2.2424999999999997,2.0,SW218968-1
131,132.32999999999998,29448.5,289.0686,Z1MZ289TIM6P1,6.3934999999999995,2.0,SW218968-1
132,175.345,615382.5,333.14715,Z1MZ333TIM5P1,5.0794999999999995,2.0,SW218968-1
133,105.205,476889.5,155.07240000000002,Z1MZ155TIM2P1,2.4255,2.0,SW218968-1
134,104.82,64622.5,155.08544999999998,Z1MZ155TIM2P2,2.8575,2.0,SW218968-1
135,178.70499999999998,7046643.0,357.26345000000003,Z1MZ357TIM4P1,4.852,2.0,SW218968-1
136,122.07,103835.0,189.12475,Z1MZ189TIM3P1,3.3770000000000002,2.0,SW218968-1
137,126.44999999999999,10477.0,239.08905,Z1MZ239TIM3P1,3.2065,2.0,SW218968-1
138,133.85,29803.5,239.1102,Z1MZ239TIM3P2,3.8965,2.0,SW218968-1
139,158.325,67038.0,281.1368,Z1MZ281TIM5P1,5.429,2.0,SW218968-1
140,158.755,10424.5,281.13715,Z1MZ281TIM5P2,5.7035,2.0,SW218968-1
141,140.43,315734.5,200.20204999999999,Z1MZ200TIM4P1,4.5425,2.0,SW218968-1
142,108.175,128305.0,140.06955,Z1MZ140TIM5P1,5.21,2.0,SW218968-1
143,117.41499999999999,54261.0,155.15474999999998,Z1MZ155TIM1P1,1.658,2.0,SW218968-1
144,136.10000000000002,326776.0,233.11145,Z1MZ233TIM3P1,3.8360000000000003,2.0,SW218968-1
145,122.65,38131.5,190.12369999999999,Z1MZ190TIM2P1,2.0895,2.0,SW218968-1
146,154.69,142269.5,228.23284999999998,Z1MZ228TIM6P1,6.1365,2.0,SW218968-1
147,154.505,105869.0,228.2326,Z1MZ228TIM6P2,6.307,2.0,SW218968-1
148,207.575,918961.5,527.20455,Z1MZ527TIM4P1,4.9445,2.0,SW218968-1
149,133.775,21703.0,321.0279,Z1MZ321TIM2P1,2.43,2.0,SW218968-1
150,152.72,862123.0,430.9196,Z1MZ430TIM6P1,6.385,2.0,SW218968-1
151,118.375,18656.5,245.9306,Z1MZ245TIM1P1,1.6744999999999999,2.0,SW218968-1
152,130.67,13813.0,245.1364,Z1MZ245TIM1P2,1.937,2.0,SW218968-1
153,97.94,19955.5,149.02445,Z1MZ149TIM3P1,3.87,2.0,SW218968-1
154,188.77999999999997,1693309.0,421.2339,Z1MZ421TIM4P1,4.904999999999999,2.0,SW218968-1
155,127.06,10724.5,192.13819999999998,Z1MZ192TIM2P1,2.797,2.0,SW218968-1
156,133.475,744896.0,222.11325,Z1MZ222TIM4P1,4.394,2.0,SW218968-1
157,268.705,55706.0,663.4522999999999,Z1MZ663TIM6P1,6.0,2.0,SW218968-1
158,145.565,189561.5,235.17025,Z1MZ235TIM5P1,5.115,2.0,SW218968-1
159,145.185,15615.0,235.16899999999998,Z1MZ235TIM5P2,5.6905,2.0,SW218968-1
160,145.21,24819.5,235.1697,Z1MZ235TIM5P3,5.52,2.0,SW218968-1
161,189.58499999999998,7213983.0,365.19495,Z1MZ365TIM5P1,5.515499999999999,2.0,SW218968-1
162,182.76999999999998,5140357.5,365.19455000000005,Z1MZ365TIM5P2,5.3285,2.0,SW218968-1
163,143.18,35425.5,261.2491,Z1MZ261TIM3P1,3.3810000000000002,2.0,SW218968-1
164,200.66500000000002,106924.5,541.1215500000001,Z1MZ541TIM6P1,6.376,2.0,SW218968-1
165,290.19,1219411.5,410.18775,Z2MZ410TIM5P1,5.3285,2.0,SW218968-1
166,219.85000000000002,15283.0,525.1797,Z1MZ525TIM4P1,4.2325,2.0,SW218968-1
167,290.08000000000004,3109462.5,389.18510000000003,Z2MZ389TIM5P1,5.3285,2.0,SW218968-1
168,176.615,40021.0,443.1002,Z1MZ443TIM4P1,4.009499999999999,2.0,SW218968-1
169,117.645,19741.5,318.79425,Z1MZ318TIM6P1,6.4115,2.0,SW218968-1
170,129.1,67951.0,198.1282,Z1MZ198TIM2P1,2.0675,2.0,SW218968-1
171,145.03500000000003,672802.5,279.0944,Z1MZ279TIM4P1,4.167,2.0,SW218968-1
172,144.88,379060.0,279.09434999999996,Z1MZ279TIM4P2,4.5645,2.0,SW218968-1
173,144.575,844736.0,279.09425,Z1MZ279TIM4P3,4.390000000000001,2.0,SW218968-1
174,195.015,1071035.0,475.13160000000005,Z1MZ475TIM3P1,3.355,2.0,SW218968-1
175,186.03,787670.0,475.4317,Z1MZ475TIM3P2,3.6220000000000003,2.0,SW218968-1
176,186.495,40741.0,475.77525,Z1MZ475TIM3P3,3.6265,2.0,SW218968-1
177,123.46000000000001,83796.0,278.8714,Z1MZ278TIM0P1,0.5305,2.0,SW218968-1
178,124.045,79847.0,278.87170000000003,Z1MZ278TIM0P2,0.6920000000000001,2.0,SW218968-1
179,131.94,156707.5,204.13985,Z1MZ204TIM5P1,5.128,2.0,SW218968-1
180,159.38,50409.0,311.20875,Z1MZ311TIM3P1,3.1245,2.0,SW218968-1
181,171.23000000000002,279644.0,431.9312,Z1MZ431TIM3P1,3.0669999999999997,2.0,SW218968-1
182,172.66,1098123.5,431.13175,Z1MZ431TIM3P2,3.722,2.0,SW218968-1
183,187.965,2857195.5,384.2117,Z1MZ384TIM5P1,5.018,2.0,SW218968-1
184,174.825,259450.0,357.2618,Z1MZ357TIM5P1,5.686,2.0,SW218968-1
185,187.64,430275.0,357.1477,Z1MZ357TIM5P2,5.878,2.0,SW218968-1
186,170.39499999999998,1163007.5,357.26155,Z1MZ357TIM5P3,5.4945,2.0,SW218968-1
187,114.265,10773.5,170.09765,Z1MZ170TIM4P1,4.922499999999999,2.0,SW218968-1
188,204.51999999999998,65702.5,413.26559999999995,Z1MZ413TIM0P1,0.4085,2.0,SW218968-1
189,204.28500000000003,43961.0,413.2647,Z1MZ413TIM0P2,0.055,2.0,SW218968-1
190,153.415,82290.0,289.1421,Z1MZ289TIM4P1,4.4910000000000005,2.0,SW218968-1
191,147.385,103570.0,305.15935,Z1MZ305TIM2P1,2.6574999999999998,2.0,SW218968-1
192,190.64499999999998,188214.0,439.19405,Z1MZ439TIM4P1,4.5555,2.0,SW218968-1
193,129.88,30201.5,264.94079999999997,Z1MZ264TIM3P1,3.0895,2.0,SW218968-1
194,161.235,81358.5,278.21245,Z1MZ278TIM4P1,4.2545,2.0,SW218968-1
195,110.32,38832.5,161.09735,Z1MZ161TIM4P1,4.569,2.0,SW218968-1
196,109.345,108156.5,161.0972,Z1MZ161TIM4P2,4.896,2.0,SW218968-1
197,109.705,40788.5,161.09715,Z1MZ161TIM4P3,4.761,2.0,SW218968-1
198,98.0,107775.5,124.0881,Z1MZ124TIM6P1,6.3805,2.0,SW218968-1
199,100.36,13417.5,135.0818,Z1MZ135TIM3P1,3.4205,2.0,SW218968-1
200,149.24,25083.5,282.16935,Z1MZ282TIM1P1,1.6185,2.0,SW218968-1
201,143.24,22530.5,282.1898,Z1MZ282TIM1P2,1.9635000000000002,2.0,SW218968-1
202,195.135,191661.5,469.1366,Z1MZ469TIM3P1,3.355,2.0,SW218968-1
203,116.175,203810.0,183.09564999999998,Z1MZ183TIM2P1,2.452,2.0,SW218968-1
204,142.825,25435.0,225.24124999999998,Z1MZ225TIM3P1,3.9805,2.0,SW218968-1
205,142.39,175205.5,225.27245,Z1MZ225TIM3P2,3.691,2.0,SW218968-1
206,165.07,83251.5,331.1811,Z1MZ331TIM4P1,4.425,2.0,SW218968-1
207,177.28500000000003,80675.5,363.15740000000005,Z1MZ363TIM4P1,4.259,2.0,SW218968-1
208,179.155,86280.0,363.15755,Z1MZ363TIM4P2,4.0975,2.0,SW218968-1
209,334.235,120969.5,337.2033,Z2MZ337TIM3P1,3.304,2.0,SW218968-1
210,109.305,33401.5,169.91255,Z1MZ169TIM0P1,0.7755,2.0,SW218968-1
211,264.525,53286.0,226.15064999999998,Z2MZ226TIM3P1,3.6994999999999996,2.0,SW218968-1
212,140.47,124059.5,268.08320000000003,Z1MZ268TIM5P1,5.218999999999999,2.0,SW218968-1
213,139.97,17456.0,268.08285,Z1MZ268TIM5P2,5.4990000000000006,2.0,SW218968-1
214,169.715,148340.5,329.2233,Z1MZ329TIM4P1,4.137499999999999,2.0,SW218968-1
215,171.74,980479.0,367.1885,Z1MZ367TIM4P1,4.4384999999999994,2.0,SW218968-1
216,170.32,28798.5,367.1912,Z1MZ367TIM4P2,4.73,2.0,SW218968-1
217,170.56,70846.0,367.1883,Z1MZ367TIM4P3,4.9795,2.0,SW218968-1
218,128.655,12100.0,219.10424999999998,Z1MZ219TIM0P1,0.10350000000000001,2.0,SW218968-1
219,129.14499999999998,17349.0,219.1039,Z1MZ219TIM0P2,0.448,2.0,SW218968-1
220,153.58499999999998,254103.0,376.0825,Z1MZ376TIM2P1,2.43,2.0,SW218968-1
221,125.735,33869.5,215.1259,Z1MZ215TIM6P1,6.376,2.0,SW218968-1
222,109.195,111081.0,183.98985,Z1MZ183TIM3P1,3.067,2.0,SW218968-1
223,189.89499999999998,18642.5,374.3027,Z1MZ374TIM5P1,5.6945,2.0,SW218968-1
224,169.725,30691.5,315.23024999999996,Z1MZ315TIM5P1,5.425000000000001,2.0,SW218968-1
225,162.8,112660.0,254.2483,Z1MZ254TIM5P1,5.071,2.0,SW218968-1
226,159.685,41163.0,323.1616,Z1MZ323TIM4P1,4.0535,2.0,SW218968-1
227,166.275,62657.5,323.21225,Z1MZ323TIM4P2,4.717,2.0,SW218968-1
228,163.26,551850.0,323.16134999999997,Z1MZ323TIM4P3,4.1419999999999995,2.0,SW218968-1
229,129.35,1119437.0,203.14415000000002,Z1MZ203TIM5P1,5.0755,2.0,SW218968-1
230,194.665,60865.5,415.30335,Z1MZ415TIM5P1,5.171,2.0,SW218968-1
231,113.57499999999999,108481.5,217.8862,Z1MZ217TIM5P1,5.146000000000001,2.0,SW218968-1
232,118.815,487664.0,171.15055,Z1MZ171TIM5P1,5.7035,2.0,SW218968-1
233,131.045,11278.5,229.14085,Z1MZ229TIM3P1,3.085,2.0,SW218968-1
234,188.19,66753.0,451.1741,Z1MZ451TIM4P1,4.215,2.0,SW218968-1
235,131.565,223370.0,229.14155,Z1MZ229TIM2P1,2.64,2.0,SW218968-1
236,148.515,1352206.0,327.14305,Z1MZ327TIM2P1,2.662,2.0,SW218968-1
237,119.575,182401.0,178.1239,Z1MZ178TIM5P1,5.1145,2.0,SW218968-1
238,119.03999999999999,222326.5,178.12375,Z1MZ178TIM5P2,5.376,2.0,SW218968-1
239,119.81,327775.0,178.12394999999998,Z1MZ178TIM5P3,5.573,2.0,SW218968-1
240,119.765,145473.0,178.12380000000002,Z1MZ178TIM5P4,5.215,2.0,SW218968-1
241,164.645,26237.5,282.2211,Z1MZ282TIM3P1,3.242,2.0,SW218968-1
242,164.555,13140.0,282.2199,Z1MZ282TIM3P2,3.631,2.0,SW218968-1
243,164.535,46327.0,282.221,Z1MZ282TIM3P3,3.1419999999999995,2.0,SW218968-1
244,165.39499999999998,14463.5,282.22114999999997,Z1MZ282TIM3P4,3.8745,2.0,SW218968-1
245,157.31,15900.5,323.08175,Z1MZ323TIM3P1,3.3815,2.0,SW218968-1
246,190.54500000000002,292111.0,369.2971,Z1MZ369TIM6P1,6.022,2.0,SW218968-1
247,185.11,359664.0,310.31089999999995,Z1MZ310TIM6P1,6.2715,2.0,SW218968-1
248,355.12,49291.5,455.2969,Z2MZ455TIM3P1,3.312,2.0,SW218968-1
249,136.95999999999998,31995.5,263.0919,Z1MZ263TIM3P1,3.766,2.0,SW218968-1
250,148.85500000000002,83571.5,255.1899,Z1MZ255TIM4P1,4.6215,2.0,SW218968-1
251,153.815,49412.5,255.24335,Z1MZ255TIM4P2,4.739000000000001,2.0,SW218968-1
252,141.16500000000002,38384.0,255.1596,Z1MZ255TIM4P3,4.8185,2.0,SW218968-1
253,130.33999999999997,45911.0,297.924,Z1MZ297TIM3P1,3.0495,2.0,SW218968-1
254,194.175,972650.5,445.3142,Z1MZ445TIM4P1,4.6775,2.0,SW218968-1
255,126.15,12342.0,192.139,Z1MZ192TIM5P1,5.137,2.0,SW218968-1
256,111.09,168129.0,179.06525,Z1MZ179TIM4P1,4.726,2.0,SW218968-1
257,121.81,43607.5,179.1087,Z1MZ179TIM4P2,4.77,2.0,SW218968-1
258,110.63,32596.5,179.06475,Z1MZ179TIM4P3,4.2675,2.0,SW218968-1
259,118.155,70110.0,179.1081,Z1MZ179TIM4P4,4.4865,2.0,SW218968-1
260,135.685,13729.0,236.12805,Z1MZ236TIM1P1,1.2555,2.0,SW218968-1
261,141.94,6991.5,305.15565000000004,Z1MZ305TIM4P1,4.1465,2.0,SW218968-1
262,152.65,36836.0,302.1953,Z1MZ302TIM0P1,0.5305,2.0,SW218968-1
263,130.285,134015.0,302.9184,Z1MZ302TIM3P1,3.4779999999999998,2.0,SW218968-1
264,129.205,22628.5,302.91795,Z1MZ302TIM3P2,3.6175,2.0,SW218968-1
265,89.35499999999999,1401749.0,105.07155,Z1MZ105TIM3P1,3.7615,2.0,SW218968-1
266,194.95,1783353.0,471.13685,Z1MZ471TIM3P1,3.364,2.0,SW218968-1
267,148.07999999999998,77714.5,293.1092,Z1MZ293TIM4P1,4.1884999999999994,2.0,SW218968-1
268,148.055,87558.0,293.10915,Z1MZ293TIM4P2,4.695,2.0,SW218968-1
269,355.645,22207.0,456.779,Z2MZ456TIM3P1,3.3165,2.0,SW218968-1
270,168.42000000000002,359241.5,338.15855,Z1MZ338TIM4P1,4.3545,2.0,SW218968-1
271,199.18,109687.0,543.24125,Z1MZ543TIM3P1,3.3855000000000004,2.0,SW218968-1
272,159.76,34200.0,283.21795,Z1MZ283TIM3P1,3.0275,2.0,SW218968-1
273,96.955,246574.5,136.02285,Z1MZ136TIM5P1,5.861000000000001,2.0,SW218968-1
274,368.87,58800.5,384.47450000000003,Z2MZ384TIM5P1,5.018000000000001,2.0,SW218968-1
275,185.82999999999998,983727.0,457.4626,Z1MZ457TIM4P1,4.8185,2.0,SW218968-1
276,185.375,39854373.5,457.28345,Z1MZ457TIM4P2,4.8309999999999995,2.0,SW218968-1
277,186.21499999999997,42713.0,457.2779,Z1MZ457TIM4P3,4.5295000000000005,2.0,SW218968-1
278,129.815,130611.0,225.09235,Z1MZ225TIM4P1,4.896,2.0,SW218968-1
279,118.53,37270.0,217.01405,Z1MZ217TIM0P1,0.968,2.0,SW218968-1
280,179.475,80772.0,432.28035,Z1MZ432TIM1P1,1.8969999999999998,2.0,SW218968-1
281,161.70999999999998,163833.0,371.22755,Z1MZ371TIM1P1,1.8195000000000001,2.0,SW218968-1
282,161.54000000000002,52086.0,325.148,Z1MZ325TIM2P1,2.7750000000000004,2.0,SW218968-1
283,174.72,255151.0,339.2088,Z1MZ339TIM5P1,5.0794999999999995,2.0,SW218968-1
284,102.455,14473.5,166.99425000000002,Z1MZ166TIM0P1,0.9855,2.0,SW218968-1
285,121.75999999999999,302038.0,226.95565,Z1MZ226TIM6P1,6.385,2.0,SW218968-1
286,128.43,66757.5,266.0266,Z1MZ266TIM1P1,1.3775,2.0,SW218968-1
287,127.19,12954.0,266.8699,Z1MZ266TIM1P2,1.7315,2.0,SW218968-1
288,127.00999999999999,13749.0,266.8712,Z1MZ266TIM1P3,1.8704999999999998,2.0,SW218968-1
289,141.70499999999998,50825.5,274.1358,Z1MZ274TIM3P1,3.6265,2.0,SW218968-1
290,202.255,221197.0,413.3234,Z1MZ413TIM6P1,6.031,2.0,SW218968-1
291,203.825,514736.0,413.2668,Z1MZ413TIM6P2,6.376,2.0,SW218968-1
292,122.205,18149.5,189.12355,Z1MZ189TIM6P1,6.137,2.0,SW218968-1
293,108.0,89080.0,140.06925,Z1MZ140TIM4P1,4.7524999999999995,2.0,SW218968-1
294,107.39500000000001,84340.0,140.06955,Z1MZ140TIM4P2,4.887499999999999,2.0,SW218968-1
295,108.12,80757.5,140.0692,Z1MZ140TIM4P3,4.150499999999999,2.0,SW218968-1
296,108.22,27854.5,140.0688,Z1MZ140TIM4P4,4.595,2.0,SW218968-1
297,97.78999999999999,111813.5,149.0244,Z1MZ149TIM5P1,5.04,2.0,SW218968-1
298,99.775,324238.5,165.97935,Z1MZ165TIM3P1,3.0625,2.0,SW218968-1
299,107.465,75974.0,157.1009,Z1MZ157TIM4P1,4.8695,2.0,SW218968-1
300,225.835,266313.0,496.29625,Z1MZ496TIM6P1,6.0840000000000005,2.0,SW218968-1
301,196.32,143398.0,426.288,Z1MZ426TIM5P1,5.9665,2.0,SW218968-1
302,149.945,13521.0,257.16715,Z1MZ257TIM5P1,5.949,2.0,SW218968-1
303,97.545,299586.5,118.08735,Z1MZ118TIM4P1,4.7565,2.0,SW218968-1
304,134.64,17839.5,245.1344,Z1MZ245TIM5P1,5.215,2.0,SW218968-1
305,159.74,51741.5,319.15195,Z1MZ319TIM3P1,3.7175000000000002,2.0,SW218968-1
306,119.80000000000001,23566.5,184.889,Z1MZ184TIM6P1,6.3805,2.0,SW218968-1
307,116.775,105671.5,183.096,Z1MZ183TIM6P1,6.4685,2.0,SW218968-1
308,116.515,56236.0,183.09595000000002,Z1MZ183TIM6P2,6.621,2.0,SW218968-1
309,140.5,12193.0,209.20165,Z1MZ209TIM3P1,3.4825,2.0,SW218968-1
310,133.135,185163.5,209.15370000000001,Z1MZ209TIM3P2,3.9365,2.0,SW218968-1
311,172.565,132956.0,363.1581,Z1MZ363TIM5P1,5.137,2.0,SW218968-1
312,116.0,115116.5,201.04680000000002,Z1MZ201TIM3P1,3.5735,2.0,SW218968-1
313,189.095,4977284.5,495.12915,Z1MZ495TIM3P1,3.7395000000000005,2.0,SW218968-1
314,124.465,68479.5,249.04039999999998,Z1MZ249TIM3P1,3.355,2.0,SW218968-1
315,135.53500000000003,36614.0,249.1119,Z1MZ249TIM3P2,3.888,2.0,SW218968-1
316,140.26999999999998,165387.0,234.18595,Z1MZ234TIM4P1,4.582000000000001,2.0,SW218968-1
317,109.10499999999999,13204.0,168.91895,Z1MZ168TIM1P1,1.7485,2.0,SW218968-1
318,109.53999999999999,14987.0,168.91865,Z1MZ168TIM1P2,1.8365,2.0,SW218968-1
319,112.64500000000001,34452.0,230.8928,Z1MZ230TIM6P1,6.612500000000001,2.0,SW218968-1
320,134.16000000000003,77910.5,230.1408,Z1MZ230TIM6P2,6.385,2.0,SW218968-1
321,131.82,40121.0,436.95635,Z1MZ436TIM5P1,5.5595,2.0,SW218968-1
322,163.42000000000002,545767.0,270.2806,Z1MZ270TIM5P1,5.8345,2.0,SW218968-1
323,116.47,67082.5,183.09555,Z1MZ183TIM0P1,0.1945,2.0,SW218968-1
324,116.57,49438.5,183.09515,Z1MZ183TIM0P2,0.5745,2.0,SW218968-1
325,125.005,64919.5,202.17970000000003,Z1MZ202TIM0P1,0.526,2.0,SW218968-1
326,164.44,538651.5,301.07635,Z1MZ301TIM5P1,5.3985,2.0,SW218968-1
327,164.45499999999998,344702.5,301.07669999999996,Z1MZ301TIM5P2,5.542,2.0,SW218968-1
328,164.865,690473.0,301.07640000000004,Z1MZ301TIM5P3,5.792,2.0,SW218968-1
329,165.18,269259.5,301.07625,Z1MZ301TIM5P4,5.1325,2.0,SW218968-1
330,165.38,125062.5,301.1392,Z1MZ301TIM5P5,5.2985,2.0,SW218968-1
331,164.975,272809.5,301.07640000000004,Z1MZ301TIM5P6,5.25,2.0,SW218968-1
332,130.12,65963.0,304.91585,Z1MZ304TIM3P1,3.474,2.0,SW218968-1
333,219.84,391298.0,528.4113,Z1MZ528TIM4P1,4.8309999999999995,2.0,SW218968-1
334,108.5,26791.0,188.85915,Z1MZ188TIM6P1,6.455,2.0,SW218968-1
335,127.715,75326.5,219.1051,Z1MZ219TIM3P1,3.2504999999999997,2.0,SW218968-1
336,137.805,4254958.5,219.17775,Z1MZ219TIM3P2,3.304,2.0,SW218968-1
337,138.075,731350.0,219.1764,Z1MZ219TIM3P3,3.5040000000000004,2.0,SW218968-1
338,136.95,486672.5,219.17514999999997,Z1MZ219TIM3P4,3.722,2.0,SW218968-1
339,137.79500000000002,504550.5,219.1753,Z1MZ219TIM3P5,3.8834999999999997,2.0,SW218968-1
340,137.985,1453680.5,219.1779,Z1MZ219TIM3P6,3.1065,2.0,SW218968-1
341,137.765,32812.5,219.3023,Z1MZ219TIM3P7,3.304,2.0,SW218968-1
342,124.22,522907.0,219.0581,Z1MZ219TIM3P8,3.5605,2.0,SW218968-1
343,282.735,140677.0,281.1003,Z2MZ281TIM3P1,3.556,2.0,SW218968-1
344,185.995,404635.5,457.46295,Z1MZ457TIM5P1,5.2545,2.0,SW218968-1
345,185.125,159453.0,415.17555000000004,Z1MZ415TIM4P1,4.154999999999999,2.0,SW218968-1
346,145.695,11793166.0,241.1746,Z1MZ241TIM5P1,5.2545,2.0,SW218968-1
347,150.95,76083.0,325.06345,Z1MZ325TIM4P1,4.6395,2.0,SW218968-1
348,138.19,80041.0,219.175,Z1MZ219TIM2P1,2.7925,2.0,SW218968-1
349,138.62,413499.0,219.3016,Z1MZ219TIM2P2,2.8569999999999998,2.0,SW218968-1
350,138.95499999999998,73142.0,219.21859999999998,Z1MZ219TIM2P3,2.9539999999999997,2.0,SW218968-1
351,138.64,18956142.5,219.1828,Z1MZ219TIM2P4,2.8795,2.0,SW218968-1
352,102.03999999999999,90690.0,152.06295,Z1MZ152TIM3P1,3.5605,2.0,SW218968-1
353,204.085,105010.5,627.03165,Z1MZ627TIM3P1,3.6220000000000003,2.0,SW218968-1
354,112.33500000000001,74362.0,163.11265,Z1MZ163TIM4P1,4.747999999999999,2.0,SW218968-1
355,237.785,935061.0,621.4173499999999,Z1MZ621TIM4P1,4.814,2.0,SW218968-1
356,132.19,2108307.5,204.1429,Z1MZ204TIM4P1,4.7524999999999995,2.0,SW218968-1
357,111.46,45896.5,181.0756,Z1MZ181TIM3P1,3.4295,2.0,SW218968-1
358,146.0,289276.5,241.3071,Z1MZ241TIM4P1,4.2105,2.0,SW218968-1
359,145.965,81131.5,241.43985,Z1MZ241TIM4P2,4.2545,2.0,SW218968-1
360,147.40499999999997,23959026.0,241.18214999999998,Z1MZ241TIM4P3,4.215,2.0,SW218968-1
361,101.905,45706.0,143.08535,Z1MZ143TIM4P1,4.9665,2.0,SW218968-1
362,101.81,44606.0,143.0856,Z1MZ143TIM4P2,4.1105,2.0,SW218968-1
363,191.81,101647.5,485.1127,Z1MZ485TIM5P1,5.5245,2.0,SW218968-1
364,118.88,153322.5,171.1501,Z1MZ171TIM4P1,4.1715,2.0,SW218968-1
365,119.015,198415.0,171.15015,Z1MZ171TIM4P2,4.4115,2.0,SW218968-1
366,138.015,460648.0,334.03525,Z1MZ334TIM2P1,2.443,2.0,SW218968-1
367,119.005,358619.5,171.15064999999998,Z1MZ171TIM3P1,3.2195,2.0,SW218968-1
368,118.805,220074.5,171.15015,Z1MZ171TIM3P2,3.5165,2.0,SW218968-1
369,214.24,261764.5,502.15895,Z1MZ502TIM5P1,5.3454999999999995,2.0,SW218968-1
370,132.15499999999997,30226.0,261.13095,Z1MZ261TIM1P1,1.4215,2.0,SW218968-1
371,132.015,262529.5,261.1313,Z1MZ261TIM1P2,1.5055,2.0,SW218968-1
372,146.26,96075.5,239.2119,Z1MZ239TIM4P1,4.1155,2.0,SW218968-1
373,140.825,65915.0,239.1583,Z1MZ239TIM4P2,4.2285,2.0,SW218968-1
374,197.06,225130.0,519.1842999999999,Z1MZ519TIM3P1,3.7039999999999997,2.0,SW218968-1
375,116.41499999999999,99166.0,193.0506,Z1MZ193TIM3P1,3.1719999999999997,2.0,SW218968-1
376,96.015,36475.5,129.0706,Z1MZ129TIM4P1,4.4115,2.0,SW218968-1
377,122.345,254573.5,249.8689,Z1MZ249TIM0P1,0.78,2.0,SW218968-1
378,242.70499999999998,65575.5,363.10065,Z2MZ363TIM4P1,4.071,2.0,SW218968-1
379,171.29500000000002,179098.0,342.1562,Z1MZ342TIM4P1,4.590999999999999,2.0,SW218968-1
380,158.97,540501.5,315.09295,Z1MZ315TIM3P1,3.5955000000000004,2.0,SW218968-1
381,170.55,335301.0,331.21765,Z1MZ331TIM3P1,3.0580000000000003,2.0,SW218968-1
382,134.805,888219.5,224.12849999999997,Z1MZ224TIM4P1,4.0845,2.0,SW218968-1
383,134.765,152064.0,224.12865,Z1MZ224TIM4P2,4.9005,2.0,SW218968-1
384,144.07,823191.5,353.10625000000005,Z1MZ353TIM2P1,2.3215,2.0,SW218968-1
385,109.34,70990.0,173.08285,Z1MZ173TIM4P1,4.8185,2.0,SW218968-1
386,117.3,53815.5,190.87310000000002,Z1MZ190TIM6P1,6.4425,2.0,SW218968-1
387,97.12,434081.0,118.0872,Z1MZ118TIM2P1,2.6395,2.0,SW218968-1
388,97.01,821490.0,118.0873,Z1MZ118TIM2P2,2.8529999999999998,2.0,SW218968-1
389,131.445,10715.0,220.11255,Z1MZ220TIM7P1,7.0705,2.0,SW218968-1
390,130.92000000000002,17608.0,220.1123,Z1MZ220TIM7P2,7.236,2.0,SW218968-1
391,181.335,260400.5,395.178,Z1MZ395TIM3P1,3.3594999999999997,2.0,SW218968-1
392,167.63,196991.5,395.16769999999997,Z1MZ395TIM3P2,3.8834999999999997,2.0,SW218968-1
393,138.595,17528.0,255.1587,Z1MZ255TIM5P1,5.241,2.0,SW218968-1
394,179.575,1572073.0,388.185,Z1MZ388TIM3P1,3.7525,2.0,SW218968-1
395,109.405,16785.0,179.92565000000002,Z1MZ179TIM3P1,3.0629999999999997,2.0,SW218968-1
396,111.05,41958.0,179.06425000000002,Z1MZ179TIM3P2,3.644,2.0,SW218968-1
397,133.47500000000002,30233.0,304.8967,Z1MZ304TIM6P1,6.3895,2.0,SW218968-1
398,102.46000000000001,104190.5,152.01774999999998,Z1MZ152TIM2P1,2.7219999999999995,2.0,SW218968-1
399,129.595,11963.5,199.18200000000002,Z1MZ199TIM2P1,2.3775000000000004,2.0,SW218968-1
400,118.05,15447.5,235.03140000000002,Z1MZ235TIM2P1,2.434,2.0,SW218968-1
401,185.675,147522.0,457.46185,Z1MZ457TIM6P1,6.298,2.0,SW218968-1
402,124.035,48130.5,194.1182,Z1MZ194TIM4P1,4.949,2.0,SW218968-1
403,123.87,72264.5,194.11825,Z1MZ194TIM4P2,4.4990000000000006,2.0,SW218968-1
404,153.325,135267.0,313.16295,Z1MZ313TIM3P1,3.3335,2.0,SW218968-1
405,149.55,403316.5,347.09975,Z1MZ347TIM4P1,4.8185,2.0,SW218968-1
406,144.965,15686.0,279.14390000000003,Z1MZ279TIM6P1,6.358499999999999,2.0,SW218968-1
407,144.64999999999998,1200469.5,279.09495000000004,Z1MZ279TIM6P2,6.1705000000000005,2.0,SW218968-1
408,144.43,287115.0,279.5706,Z1MZ279TIM3P1,3.5605,2.0,SW218968-1
409,155.235,773299.0,413.12775,Z1MZ413TIM2P1,2.609,2.0,SW218968-1
410,188.33999999999997,138237.5,499.2164,Z1MZ499TIM3P1,3.3685,2.0,SW218968-1
411,247.375,300607.0,312.14225,Z2MZ312TIM3P1,3.3594999999999997,2.0,SW218968-1
412,141.575,118174.0,305.15785,Z1MZ305TIM5P1,5.6035,2.0,SW218968-1
413,275.57,1851429.0,361.15265,Z2MZ361TIM5P1,5.3285,2.0,SW218968-1
414,247.1,449080.0,311.1436,Z2MZ311TIM3P1,3.3594999999999997,2.0,SW218968-1
415,198.655,96938.5,520.3329,Z1MZ520TIM2P1,2.0235000000000003,2.0,SW218968-1
416,122.475,94398.0,171.1893,Z1MZ171TIM2P1,2.7089999999999996,2.0,SW218968-1
417,119.24000000000001,41990.0,171.21744999999999,Z1MZ171TIM2P2,2.7220000000000004,2.0,SW218968-1
418,101.655,55497.5,133.1019,Z1MZ133TIM2P1,2.8525,2.0,SW218968-1
419,91.75,49107.5,119.05035000000001,Z1MZ119TIM4P1,4.325,2.0,SW218968-1
420,154.12,55035.5,263.2384,Z1MZ263TIM5P1,5.3805,2.0,SW218968-1
421,121.05000000000001,93523.5,185.1154,Z1MZ185TIM2P1,2.5164999999999997,2.0,SW218968-1
422,152.255,124860.0,349.18375000000003,Z1MZ349TIM6P1,6.3934999999999995,2.0,SW218968-1
423,151.585,21299.5,238.21609999999998,Z1MZ238TIM4P1,4.1065000000000005,2.0,SW218968-1
424,135.13,110429.0,249.1124,Z1MZ249TIM4P1,4.1795,2.0,SW218968-1
425,150.195,38825.0,249.18464999999998,Z1MZ249TIM4P2,4.792,2.0,SW218968-1
426,189.01,446140.0,439.158,Z1MZ439TIM3P1,3.355,2.0,SW218968-1
427,116.615,40995.5,183.09645,Z1MZ183TIM7P1,7.0355,2.0,SW218968-1
428,116.485,30806.5,183.0956,Z1MZ183TIM7P2,7.2405,2.0,SW218968-1
429,116.845,38749.5,183.096,Z1MZ183TIM7P3,7.118499999999999,2.0,SW218968-1
430,131.02,64047.0,247.00144999999998,Z1MZ247TIM2P1,2.9935,2.0,SW218968-1
431,122.36500000000001,120907.0,197.11815,Z1MZ197TIM4P1,4.4910000000000005,2.0,SW218968-1
432,109.045,15865.5,177.9479,Z1MZ177TIM1P1,1.5135,2.0,SW218968-1
433,109.385,18165.0,177.94925,Z1MZ177TIM1P2,1.3815,2.0,SW218968-1
434,109.265,27667.0,177.9491,Z1MZ177TIM1P3,1.1425,2.0,SW218968-1
435,126.425,37951.5,272.03364999999997,Z1MZ272TIM2P1,2.443,2.0,SW218968-1
436,133.0,47752.5,233.13254999999998,Z1MZ233TIM5P1,5.119,2.0,SW218968-1
437,144.58,182029.0,233.19060000000002,Z1MZ233TIM5P2,5.1925,2.0,SW218968-1
438,164.14,3236787.0,337.10699999999997,Z1MZ337TIM4P1,4.3545,2.0,SW218968-1
439,159.95999999999998,180890.5,337.164,Z1MZ337TIM4P2,4.3985,2.0,SW218968-1
440,166.18,1097764.0,337.1793,Z1MZ337TIM4P3,4.984,2.0,SW218968-1
441,152.935,540198.0,397.13215,Z1MZ397TIM2P1,2.5385,2.0,SW218968-1
442,142.02499999999998,37236.0,267.12295,Z1MZ267TIM4P1,4.0015,2.0,SW218968-1
443,145.515,8823.5,267.14035,Z1MZ267TIM4P2,4.4990000000000006,2.0,SW218968-1
444,144.65,23878.5,267.1242,Z1MZ267TIM4P3,3.7615,2.0,SW218968-1
445,162.36,2071102.5,335.12735,Z1MZ335TIM4P1,4.949,2.0,SW218968-1
446,168.09,238694.0,335.16215,Z1MZ335TIM4P2,4.311999999999999,2.0,SW218968-1
447,178.17,174282.0,335.27914999999996,Z1MZ335TIM4P3,4.861000000000001,2.0,SW218968-1
448,128.125,49604.5,211.12625,Z1MZ211TIM5P1,5.8134999999999994,2.0,SW218968-1
449,160.735,140571.5,309.20495,Z1MZ309TIM5P1,5.429,2.0,SW218968-1
450,159.985,8534.5,309.20525,Z1MZ309TIM5P2,5.551,2.0,SW218968-1
451,158.86,38548.0,309.23955,Z1MZ309TIM5P3,5.529,2.0,SW218968-1
452,104.07,67235.0,195.9491,Z1MZ195TIM0P1,0.526,2.0,SW218968-1
453,109.375,151015.5,223.94385,Z1MZ223TIM0P1,0.7050000000000001,2.0,SW218968-1
454,104.225,1642271.5,167.9961,Z1MZ167TIM3P1,3.0715,2.0,SW218968-1
455,185.935,275085.5,450.23525,Z1MZ450TIM3P1,3.312,2.0,SW218968-1
456,178.505,66528.5,369.1786,Z1MZ369TIM4P1,4.5205,2.0,SW218968-1
457,174.535,161378.5,369.22455,Z1MZ369TIM4P2,4.882999999999999,2.0,SW218968-1
458,161.72500000000002,272337.5,443.13755000000003,Z1MZ443TIM2P1,2.7265,2.0,SW218968-1
459,164.515,23075.5,294.19095,Z1MZ294TIM4P1,4.77,2.0,SW218968-1
460,278.41499999999996,201566.0,225.45265,Z2MZ225TIM3P1,3.67,2.0,SW218968-1
461,124.29,48612.0,194.11860000000001,Z1MZ194TIM3P1,3.7615,2.0,SW218968-1
462,124.155,53479.0,194.1189,Z1MZ194TIM3P2,3.958,2.0,SW218968-1
463,124.305,41612.0,194.11825,Z1MZ194TIM3P3,3.5085000000000006,2.0,SW218968-1
464,124.57499999999999,139521.5,194.1184,Z1MZ194TIM3P4,3.255,2.0,SW218968-1
465,114.935,115421.5,213.88954999999999,Z1MZ213TIM6P1,6.428999999999999,2.0,SW218968-1
466,167.38,525138.5,327.14225,Z1MZ327TIM5P1,5.018,2.0,SW218968-1
467,171.365,912663.0,327.23524999999995,Z1MZ327TIM5P2,5.2985,2.0,SW218968-1
468,167.675,389181.0,327.14295000000004,Z1MZ327TIM5P3,5.324,2.0,SW218968-1
469,168.615,86771.5,327.14200000000005,Z1MZ327TIM5P4,5.529,2.0,SW218968-1
470,172.65,92132.0,327.238,Z1MZ327TIM5P5,5.656,2.0,SW218968-1
471,124.645,64776.5,251.03820000000002,Z1MZ251TIM3P1,3.3594999999999997,2.0,SW218968-1
472,124.925,77765.5,221.07565,Z1MZ221TIM3P1,3.3810000000000002,2.0,SW218968-1
473,134.83499999999998,184323.5,224.12885,Z1MZ224TIM3P1,3.2245,2.0,SW218968-1
474,175.43,80120.5,556.8633500000001,Z1MZ556TIM6P1,6.385,2.0,SW218968-1
475,190.08499999999998,431152.0,473.25115,Z1MZ473TIM6P1,6.3025,2.0,SW218968-1
476,124.345,22074.0,221.07475,Z1MZ221TIM5P1,5.761,2.0,SW218968-1
477,125.00999999999999,23539.0,221.07600000000002,Z1MZ221TIM5P2,5.6945,2.0,SW218968-1
478,151.315,19522.0,449.71875,Z1MZ449TIM0P1,0.7715000000000001,2.0,SW218968-1
479,113.695,37606.0,215.89004999999997,Z1MZ215TIM3P1,3.958,2.0,SW218968-1
480,114.6,256906.5,212.8823,Z1MZ212TIM6P1,6.63,2.0,SW218968-1
481,196.44,141688.0,525.2874,Z1MZ525TIM2P1,2.0275,2.0,SW218968-1
482,139.85500000000002,115976.5,259.09479999999996,Z1MZ259TIM3P1,3.5605,2.0,SW218968-1
483,143.24,38265.5,259.09479999999996,Z1MZ259TIM3P2,3.246,2.0,SW218968-1
484,186.515,344399.0,399.2508,Z1MZ399TIM4P1,4.904999999999999,2.0,SW218968-1
485,164.27,46693.0,445.0967,Z1MZ445TIM3P1,3.7525,2.0,SW218968-1
486,242.09,294964.5,573.2363499999999,Z1MZ573TIM4P1,4.224,2.0,SW218968-1
487,103.08500000000001,37580.0,154.0775,Z1MZ154TIM3P1,3.565,2.0,SW218968-1
488,194.85500000000002,42395.5,481.16405,Z1MZ481TIM3P1,3.3765,2.0,SW218968-1
489,187.9,91493.5,481.0736,Z1MZ481TIM3P2,3.7615,2.0,SW218968-1
490,132.965,563568.5,222.1132,Z1MZ222TIM3P1,3.757,2.0,SW218968-1
491,147.585,19996.0,223.20585,Z1MZ223TIM5P1,5.376,2.0,SW218968-1
492,166.85500000000002,609317.5,391.1373,Z1MZ391TIM3P1,3.5210000000000004,2.0,SW218968-1
493,119.695,18336.5,178.1245,Z1MZ178TIM2P1,2.3255,2.0,SW218968-1
494,242.135,236436.5,575.23245,Z1MZ575TIM4P1,4.224,2.0,SW218968-1
495,155.87,78255.5,277.21595,Z1MZ277TIM4P1,4.443,2.0,SW218968-1
496,157.685,559263.0,277.1816,Z1MZ277TIM4P2,4.891500000000001,2.0,SW218968-1
497,169.745,1058923.5,391.2095,Z1MZ391TIM5P1,5.511,2.0,SW218968-1
498,156.82,82798.0,242.28465,Z1MZ242TIM3P1,3.4385,2.0,SW218968-1
499,144.95,151170.5,279.09325,Z1MZ279TIM1P1,1.5430000000000001,2.0,SW218968-1
500,91.88499999999999,23954.5,119.05019999999999,Z1MZ119TIM3P1,3.7615,2.0,SW218968-1
501,151.72,105468.5,237.1857,Z1MZ237TIM4P1,4.8785,2.0,SW218968-1
502,109.54499999999999,71468.0,161.0969,Z1MZ161TIM2P1,2.8615,2.0,SW218968-1
503,115.02,1336477.5,170.09744999999998,Z1MZ170TIM5P1,5.9795,2.0,SW218968-1
504,151.12,198237.5,262.1447,Z1MZ262TIM4P1,4.8919999999999995,2.0,SW218968-1
505,258.15,180150.0,826.26635,Z1MZ826TIM3P1,3.766,2.0,SW218968-1
506,113.17,174325.5,191.08634999999998,Z1MZ191TIM4P1,4.765499999999999,2.0,SW218968-1
507,135.155,217163.5,224.129,Z1MZ224TIM7P1,7.218500000000001,2.0,SW218968-1
508,120.02000000000001,14053.5,178.12349999999998,Z1MZ178TIM1P1,1.5134999999999998,2.0,SW218968-1
509,120.355,22661.5,178.12315,Z1MZ178TIM1P2,1.815,2.0,SW218968-1
510,268.185,105367.5,300.1984,Z2MZ300TIM1P1,1.7315,2.0,SW218968-1
511,175.58999999999997,1548917.0,381.1327,Z1MZ381TIM4P1,4.3545,2.0,SW218968-1
512,190.57999999999998,2852017.0,435.16775,Z1MZ435TIM5P1,5.232,2.0,SW218968-1
513,142.825,58869.5,343.909,Z1MZ343TIM3P1,3.0805,2.0,SW218968-1
514,204.36,607196.5,489.34045000000003,Z1MZ489TIM4P1,4.669499999999999,2.0,SW218968-1
515,208.53,3046866.5,489.34180000000003,Z1MZ489TIM4P2,4.852,2.0,SW218968-1
516,109.215,16719.0,184.92095,Z1MZ184TIM1P1,1.9055,2.0,SW218968-1
517,119.16,272031.0,171.1504,Z1MZ171TIM6P1,6.2805,2.0,SW218968-1
518,125.67,29772.5,196.17034999999998,Z1MZ196TIM2P1,2.9325,2.0,SW218968-1
519,214.505,264866.0,533.3656000000001,Z1MZ533TIM4P1,4.665,2.0,SW218968-1
520,218.28,2099436.0,533.3669500000001,Z1MZ533TIM4P2,4.8309999999999995,2.0,SW218968-1
521,105.1,100540.5,145.10205000000002,Z1MZ145TIM2P1,2.8569999999999998,2.0,SW218968-1
522,135.265,103634.5,261.1328,Z1MZ261TIM2P1,2.5340000000000003,2.0,SW218968-1
523,165.42000000000002,31177.0,310.1992,Z1MZ310TIM4P1,4.2989999999999995,2.0,SW218968-1
524,226.535,1293762.0,671.2887000000001,Z1MZ671TIM3P1,3.81,2.0,SW218968-1
525,108.82499999999999,35838.0,223.9436,Z1MZ223TIM1P1,1.1425,2.0,SW218968-1
526,289.515,239489.0,391.1811,Z2MZ391TIM5P1,5.333,2.0,SW218968-1
527,210.19,146314.5,583.1782499999999,Z1MZ583TIM3P1,3.9805,2.0,SW218968-1
528,190.02,33829.5,336.3263,Z1MZ336TIM5P1,5.865,2.0,SW218968-1
529,189.05,45114.0,336.3261,Z1MZ336TIM5P2,5.385,2.0,SW218968-1
530,139.76,10100.0,200.20164999999997,Z1MZ200TIM5P1,5.25,2.0,SW218968-1
531,111.67500000000001,16341.0,143.1187,Z1MZ143TIM2P1,2.1645000000000003,2.0,SW218968-1
532,104.12,20125.5,195.94844999999998,Z1MZ195TIM1P1,1.762,2.0,SW218968-1
533,165.445,20786.5,319.18025,Z1MZ319TIM4P1,4.7170000000000005,2.0,SW218968-1
534,107.815,81575.0,158.09705000000002,Z1MZ158TIM4P1,4.307499999999999,2.0,SW218968-1
535,107.575,120170.0,158.09730000000002,Z1MZ158TIM4P2,4.4334999999999996,2.0,SW218968-1
536,108.02000000000001,40600.5,158.09775,Z1MZ158TIM4P3,4.6819999999999995,2.0,SW218968-1
537,171.265,146132.5,433.92679999999996,Z1MZ433TIM3P1,3.0669999999999997,2.0,SW218968-1
538,116.475,160895.0,183.09575,Z1MZ183TIM4P1,4.516,2.0,SW218968-1
539,175.745,28580.5,453.2115,Z1MZ453TIM1P1,1.8929999999999998,2.0,SW218968-1
540,150.035,1470593.5,257.1685,Z1MZ257TIM3P1,3.901,2.0,SW218968-1
541,175.57999999999998,69804.5,365.1716,Z1MZ365TIM4P1,4.3505,2.0,SW218968-1
542,170.875,529622.5,365.30075,Z1MZ365TIM4P2,4.8785,2.0,SW218968-1
543,170.655,1917656.5,365.3779,Z1MZ365TIM4P3,4.8785,2.0,SW218968-1
544,181.14,115188.0,365.1704,Z1MZ365TIM4P4,4.1195,2.0,SW218968-1
545,168.845,469590.0,365.14715,Z1MZ365TIM4P5,4.102,2.0,SW218968-1
546,172.57999999999998,26619092.5,365.14144999999996,Z1MZ365TIM4P6,4.891500000000001,2.0,SW218968-1
547,170.57,179886.0,365.23294999999996,Z1MZ365TIM4P7,4.8785,2.0,SW218968-1
548,109.03999999999999,52000.5,167.91910000000001,Z1MZ167TIM2P1,2.819,2.0,SW218968-1
549,99.555,69193.0,131.08565,Z1MZ131TIM4P1,4.8695,2.0,SW218968-1
550,144.215,116417.0,233.1905,Z1MZ233TIM4P1,4.9795,2.0,SW218968-1
551,194.79000000000002,1772861.5,473.1331,Z1MZ473TIM3P1,3.364,2.0,SW218968-1
552,185.21,26540.5,473.1423,Z1MZ473TIM3P2,3.954,2.0,SW218968-1
553,186.48000000000002,6235877.0,473.147,Z1MZ473TIM3P3,3.7435,2.0,SW218968-1
554,121.55,27008.5,252.87630000000001,Z1MZ252TIM0P1,0.553,2.0,SW218968-1
555,121.065,87363.0,217.105,Z1MZ217TIM1P1,1.3599999999999999,2.0,SW218968-1
556,189.945,3823318.5,435.16645,Z1MZ435TIM3P1,3.355,2.0,SW218968-1
557,147.71,350467.5,367.12155,Z1MZ367TIM2P1,2.421,2.0,SW218968-1
558,163.94,277719.5,247.1787,Z1MZ247TIM3P1,3.6864999999999997,2.0,SW218968-1
559,156.375,179692.5,424.8984,Z1MZ424TIM6P1,6.3934999999999995,2.0,SW218968-1
560,126.275,22853.0,295.87334999999996,Z1MZ295TIM0P1,0.9415,2.0,SW218968-1
561,290.36,493121.0,411.1864,Z2MZ411TIM5P1,5.3285,2.0,SW218968-1
562,122.63,608018.5,188.11005,Z1MZ188TIM4P1,4.7524999999999995,2.0,SW218968-1
563,153.99,260395.0,343.9852,Z1MZ343TIM5P1,5.682,2.0,SW218968-1
564,165.405,242385.0,301.0765,Z1MZ301TIM6P1,6.066,2.0,SW218968-1
565,165.485,233834.0,301.07635,Z1MZ301TIM6P2,6.1705000000000005,2.0,SW218968-1
566,134.725,64418.5,211.18085000000002,Z1MZ211TIM3P1,3.487,2.0,SW218968-1
567,163.715,883592.0,337.1056,Z1MZ337TIM5P1,5.298,2.0,SW218968-1
568,170.39499999999998,170016.0,337.19795,Z1MZ337TIM5P2,5.695,2.0,SW218968-1
569,178.87,358703.0,337.23615,Z1MZ337TIM5P3,5.8005,2.0,SW218968-1
570,201.13,787805.5,443.33375,Z1MZ443TIM5P1,5.665,2.0,SW218968-1
571,180.63,1374204.5,456.1955,Z1MZ456TIM3P1,3.3165,2.0,SW218968-1
572,121.815,48106.0,177.12845,Z1MZ177TIM7P1,7.136,2.0,SW218968-1
573,142.505,1224104.5,225.19845,Z1MZ225TIM5P1,5.5905000000000005,2.0,SW218968-1
574,121.83,47854.0,189.12689999999998,Z1MZ189TIM2P1,2.8529999999999998,2.0,SW218968-1
575,153.43,84554.0,316.2119,Z1MZ316TIM1P1,1.5565,2.0,SW218968-1
576,156.22500000000002,83421.0,316.21145,Z1MZ316TIM1P2,1.6625,2.0,SW218968-1
577,170.44,835336.0,349.17785,Z1MZ349TIM5P1,5.0885,2.0,SW218968-1
578,152.45499999999998,146163.5,349.1835,Z1MZ349TIM5P2,5.695,2.0,SW218968-1
579,107.445,12252.5,138.128,Z1MZ138TIM5P1,5.5685,2.0,SW218968-1
580,116.295,34292.5,183.0946,Z1MZ183TIM1P1,1.793,2.0,SW218968-1
581,116.325,36955.5,183.0948,Z1MZ183TIM1P2,1.05,2.0,SW218968-1
582,116.44,79726.5,183.09535,Z1MZ183TIM1P3,1.6915,2.0,SW218968-1
583,105.24,157651.5,155.072,Z1MZ155TIM4P1,4.8185,2.0,SW218968-1
584,197.95499999999998,213369.5,449.14905,Z1MZ449TIM4P1,4.443,2.0,SW218968-1
585,113.795,28265.0,217.88580000000002,Z1MZ217TIM4P1,4.5555,2.0,SW218968-1
586,160.845,477289.5,365.12295,Z1MZ365TIM3P1,3.6220000000000003,2.0,SW218968-1
587,164.78,48458.5,365.2155,Z1MZ365TIM3P2,3.12,2.0,SW218968-1
588,98.61500000000001,45087.0,123.09285,Z1MZ123TIM5P1,5.8565000000000005,2.0,SW218968-1
589,178.505,125956.5,413.252,Z1MZ413TIM4P1,4.8565000000000005,2.0,SW218968-1
590,204.72,1268874.0,413.2662,Z1MZ413TIM4P2,4.726,2.0,SW218968-1
591,113.13999999999999,555260.5,215.89024999999998,Z1MZ215TIM5P1,5.381,2.0,SW218968-1
592,124.715,9703.5,215.1255,Z1MZ215TIM5P2,5.3934999999999995,2.0,SW218968-1
593,129.695,122659.0,203.1433,Z1MZ203TIM3P1,3.412,2.0,SW218968-1
594,129.305,150201.0,203.1435,Z1MZ203TIM3P2,3.5955000000000004,2.0,SW218968-1
595,129.195,229860.0,203.1432,Z1MZ203TIM3P3,3.2995,2.0,SW218968-1
596,124.505,46977.0,191.14485000000002,Z1MZ191TIM5P1,5.9535,2.0,SW218968-1
597,203.95999999999998,73404.5,408.30555,Z1MZ408TIM6P1,5.996499999999999,2.0,SW218968-1
598,144.5,2478400.0,279.09465,Z1MZ279TIM5P1,5.826,2.0,SW218968-1
599,163.615,465215.0,385.09275,Z1MZ385TIM3P1,3.7435,2.0,SW218968-1
600,235.34,128484.5,727.22645,Z1MZ727TIM3P1,3.7615,2.0,SW218968-1
601,119.59,17940.0,171.14960000000002,Z1MZ171TIM1P1,1.4740000000000002,2.0,SW218968-1
602,154.925,140229.5,228.23309999999998,Z1MZ228TIM5P1,5.4025,2.0,SW218968-1
603,160.49,337799.5,228.23315000000002,Z1MZ228TIM5P2,5.0755,2.0,SW218968-1
604,154.345,197336.0,228.23309999999998,Z1MZ228TIM5P3,5.193,2.0,SW218968-1
605,154.31,122891.5,228.23250000000002,Z1MZ228TIM5P4,5.5995,2.0,SW218968-1
606,196.06,162574.5,513.2243,Z1MZ513TIM5P1,5.04,2.0,SW218968-1
607,124.12,13679.0,269.9448,Z1MZ269TIM3P1,3.4695,2.0,SW218968-1
608,180.52499999999998,142661.0,433.2248,Z1MZ433TIM5P1,5.617,2.0,SW218968-1
609,149.555,740670.5,383.11654999999996,Z1MZ383TIM2P1,2.474,2.0,SW218968-1
610,163.92000000000002,213532.5,282.222,Z1MZ282TIM5P1,5.25,2.0,SW218968-1
611,164.035,559841.5,282.2229,Z1MZ282TIM5P2,5.9,2.0,SW218968-1
612,163.515,271431.0,282.22209999999995,Z1MZ282TIM5P3,5.5245,2.0,SW218968-1
613,148.155,24908.5,281.1017,Z1MZ281TIM3P1,3.1550000000000002,2.0,SW218968-1
614,116.605,226620.0,245.93385,Z1MZ245TIM0P1,0.632,2.0,SW218968-1
615,120.775,313624.5,245.96735,Z1MZ245TIM0P2,0.78,2.0,SW218968-1
616,129.29000000000002,121520.5,203.14325,Z1MZ203TIM4P1,4.0845,2.0,SW218968-1
617,129.615,168639.0,203.14350000000002,Z1MZ203TIM4P2,4.2415,2.0,SW218968-1
618,129.265,511517.5,203.1438,Z1MZ203TIM4P3,4.7524999999999995,2.0,SW218968-1
619,180.81,96399.5,397.17295,Z1MZ397TIM3P1,3.364,2.0,SW218968-1
620,175.765,107634.0,397.19725,Z1MZ397TIM3P2,3.8789999999999996,2.0,SW218968-1
621,108.08500000000001,38609.5,182.00995,Z1MZ182TIM6P1,6.2585,2.0,SW218968-1
622,201.875,30148.0,159.0231,Z2MZ159TIM3P1,3.556,2.0,SW218968-1
623,107.565,140714.5,158.09755,Z1MZ158TIM5P1,5.433,2.0,SW218968-1
624,206.455,66845.0,547.3325,Z1MZ547TIM2P1,2.085,2.0,SW218968-1
625,137.72000000000003,1507325.5,219.17605,Z1MZ219TIM5P1,5.071,2.0,SW218968-1
626,181.3,165336.5,347.16325,Z1MZ347TIM5P1,5.071,2.0,SW218968-1
627,176.82,50607.5,347.16185,Z1MZ347TIM5P2,5.163,2.0,SW218968-1
628,260.01,898158.0,829.2715499999999,Z1MZ829TIM3P1,3.7615,2.0,SW218968-1
629,140.82999999999998,203402.5,241.12324999999998,Z1MZ241TIM2P1,2.2335000000000003,2.0,SW218968-1
630,131.65,53760.0,220.1124,Z1MZ220TIM2P1,2.784,2.0,SW218968-1
631,135.305,61476.5,325.8877,Z1MZ325TIM0P1,0.78,2.0,SW218968-1
632,158.75,33622.0,304.1703,Z1MZ304TIM4P1,4.3985,2.0,SW218968-1
633,150.05,1211838.0,257.16864999999996,Z1MZ257TIM2P1,2.998,2.0,SW218968-1
634,230.365,225575.5,649.3047,Z1MZ649TIM3P1,3.8145,2.0,SW218968-1
635,124.3,36100.0,189.16445,Z1MZ189TIM4P1,4.5735,2.0,SW218968-1
636,122.08,15303.0,189.12305,Z1MZ189TIM4P2,4.569,2.0,SW218968-1
637,121.85499999999999,14217.5,189.12380000000002,Z1MZ189TIM4P3,4.665,2.0,SW218968-1
638,147.495,183611.0,346.0714,Z1MZ346TIM2P1,2.4385000000000003,2.0,SW218968-1
639,190.68,537604.5,437.16610000000003,Z1MZ437TIM5P1,5.1195,2.0,SW218968-1
640,173.825,88549.5,437.23565,Z1MZ437TIM5P2,5.5335,2.0,SW218968-1
641,185.17000000000002,67435.0,465.26570000000004,Z1MZ465TIM2P1,2.286,2.0,SW218968-1
642,116.11500000000001,20944.0,207.9847,Z1MZ207TIM1P1,1.2865,2.0,SW218968-1
643,111.11,113511.5,143.1189,Z1MZ143TIM3P1,3.6574999999999998,2.0,SW218968-1
644,168.06,204129.5,297.24055,Z1MZ297TIM5P1,5.4510000000000005,2.0,SW218968-1
645,245.22500000000002,144294.5,355.11175000000003,Z2MZ355TIM3P1,3.7615,2.0,SW218968-1
646,135.54500000000002,231213.5,224.1281,Z1MZ224TIM0P1,0.186,2.0,SW218968-1
647,135.39,172964.5,224.12745,Z1MZ224TIM0P2,0.539,2.0,SW218968-1
648,135.54500000000002,369361.5,224.12845,Z1MZ224TIM0P3,0.7625,2.0,SW218968-1
649,120.30000000000001,302965.5,177.128,Z1MZ177TIM2P1,2.609,2.0,SW218968-1
650,108.50999999999999,63582.0,140.06895,Z1MZ140TIM3P1,3.7569999999999997,2.0,SW218968-1
651,108.14500000000001,62348.5,140.0692,Z1MZ140TIM3P2,3.1675,2.0,SW218968-1
652,108.14500000000001,75730.5,140.06900000000002,Z1MZ140TIM3P3,3.569,2.0,SW218968-1
653,104.005,18230.5,180.9068,Z1MZ180TIM0P1,0.601,2.0,SW218968-1
654,111.64500000000001,14479.5,180.94395,Z1MZ180TIM0P2,0.5305,2.0,SW218968-1
655,183.06,127344.0,401.28774999999996,Z1MZ401TIM6P1,6.0355,2.0,SW218968-1
656,136.58499999999998,27426.5,245.13365,Z1MZ245TIM4P1,4.115,2.0,SW218968-1
657,136.285,43096.0,245.1338,Z1MZ245TIM4P2,4.407500000000001,2.0,SW218968-1
658,177.37,934916.5,361.19055000000003,Z1MZ361TIM5P1,5.084,2.0,SW218968-1
659,120.21000000000001,17541.5,178.12349999999998,Z1MZ178TIM7P1,7.2139999999999995,2.0,SW218968-1
660,180.03500000000003,2395844.5,355.28205,Z1MZ355TIM5P1,5.5600000000000005,2.0,SW218968-1
661,156.85000000000002,1465278.5,347.11165,Z1MZ347TIM3P1,3.1594999999999995,2.0,SW218968-1
662,147.485,83418.5,293.10995,Z1MZ293TIM5P1,5.4555,2.0,SW218968-1
663,130.68,6358.0,293.08415,Z1MZ293TIM5P2,5.7475000000000005,2.0,SW218968-1
664,147.25,22238.5,367.12149999999997,Z1MZ367TIM5P1,5.852,2.0,SW218968-1
665,157.60000000000002,18828.5,291.22915,Z1MZ291TIM5P1,5.026999999999999,2.0,SW218968-1
666,259.83,338219.0,831.27095,Z1MZ831TIM3P1,3.7615,2.0,SW218968-1
667,122.205,22061.5,189.12365,Z1MZ189TIM5P1,5.184,2.0,SW218968-1
668,122.56,25812.0,189.1242,Z1MZ189TIM5P2,5.577500000000001,2.0,SW218968-1
669,156.92000000000002,1066067.0,317.19870000000003,Z1MZ317TIM4P1,4.8185,2.0,SW218968-1
670,151.39499999999998,38804.0,352.9063,Z1MZ352TIM3P1,3.0715000000000003,2.0,SW218968-1
671,174.745,287665.0,341.26585,Z1MZ341TIM5P1,5.2805,2.0,SW218968-1
672,179.93,2151307.0,341.26694999999995,Z1MZ341TIM5P2,5.46,2.0,SW218968-1
673,117.28,11367.0,174.12835,Z1MZ174TIM2P1,2.653,2.0,SW218968-1
674,165.105,56965.0,309.211,Z1MZ309TIM3P1,3.2505,2.0,SW218968-1
675,152.865,124230.0,309.132,Z1MZ309TIM3P2,3.792,2.0,SW218968-1
676,170.26,563561.0,326.16195,Z1MZ326TIM5P1,5.263,2.0,SW218968-1
677,170.43,5407431.5,337.2015,Z1MZ337TIM3P1,3.304,2.0,SW218968-1
678,164.525,82767.0,242.24845,Z1MZ242TIM5P1,5.3675,2.0,SW218968-1
679,164.535,47013.0,242.24845,Z1MZ242TIM5P2,5.2805,2.0,SW218968-1
680,124.315,27875.0,194.118,Z1MZ194TIM0P1,0.41300000000000003,2.0,SW218968-1
681,124.755,61672.0,194.1173,Z1MZ194TIM0P2,0.518,2.0,SW218968-1
682,124.77000000000001,25232.0,194.11745,Z1MZ194TIM0P3,0.7885,2.0,SW218968-1
683,110.38499999999999,15475.0,204.00765,Z1MZ204TIM1P1,1.0899999999999999,2.0,SW218968-1
684,133.8,62056.5,213.16,Z1MZ213TIM2P1,2.6745,2.0,SW218968-1
685,178.45,5058332.0,379.1536,Z1MZ379TIM4P1,4.321,2.0,SW218968-1
686,174.86,1070819.5,379.1877,Z1MZ379TIM4P2,4.6259999999999994,2.0,SW218968-1
687,187.61,361208.5,379.30565,Z1MZ379TIM4P3,4.8565000000000005,2.0,SW218968-1
688,169.23000000000002,134120.5,327.2505,Z1MZ327TIM4P1,4.9315,2.0,SW218968-1
689,155.525,4653912.0,327.08169999999996,Z1MZ327TIM4P2,4.635,2.0,SW218968-1
690,128.95499999999998,28146.5,219.10559999999998,Z1MZ219TIM6P1,6.9355,2.0,SW218968-1
691,165.32,2783465.5,359.2411,Z1MZ359TIM4P1,4.4735,2.0,SW218968-1
692,95.53,238430.5,129.07065,Z1MZ129TIM3P1,3.076,2.0,SW218968-1
693,116.53,11749.5,275.891,Z1MZ275TIM6P1,6.5555,2.0,SW218968-1
694,145.655,1571230.5,235.173,Z1MZ235TIM4P1,4.765499999999999,2.0,SW218968-1
695,145.595,44563.5,235.30145,Z1MZ235TIM4P2,4.765499999999999,2.0,SW218968-1
696,145.3,451669.5,235.16989999999998,Z1MZ235TIM4P3,4.8870000000000005,2.0,SW218968-1
697,151.2,38659.0,214.21735,Z1MZ214TIM4P1,4.673,2.0,SW218968-1
698,114.255,194841.0,159.09625,Z1MZ159TIM4P1,4.224,2.0,SW218968-1
699,207.94,80127.5,569.3144,Z1MZ569TIM2P1,2.0765000000000002,2.0,SW218968-1
700,195.275,72640.5,712.8199,Z1MZ712TIM6P1,6.388999999999999,2.0,SW218968-1
701,168.995,195031.0,349.1416,Z1MZ349TIM4P1,4.9399999999999995,2.0,SW218968-1
702,175.345,114268.0,349.1414,Z1MZ349TIM4P2,4.4865,2.0,SW218968-1
703,168.815,21070.0,306.2785,Z1MZ306TIM4P1,4.874,2.0,SW218968-1
704,99.795,25319.0,131.08615,Z1MZ131TIM2P1,2.766,2.0,SW218968-1
705,112.675,10232.5,162.1277,Z1MZ162TIM5P1,5.665,2.0,SW218968-1
706,186.2,5290475.0,458.2853,Z1MZ458TIM4P1,4.8185,2.0,SW218968-1
707,138.95,19646.0,301.05905,Z1MZ301TIM2P1,2.4385000000000003,2.0,SW218968-1
708,145.33499999999998,128302.5,279.09355,Z1MZ279TIM0P1,0.08149999999999999,2.0,SW218968-1
709,145.7,72854.5,279.0925,Z1MZ279TIM0P2,0.6839999999999999,2.0,SW218968-1
710,132.1,57768.5,234.09275,Z1MZ234TIM5P1,5.734500000000001,2.0,SW218968-1
711,126.925,28736.0,213.092,Z1MZ213TIM3P1,3.425,2.0,SW218968-1
712,153.20999999999998,545937.0,349.1827,Z1MZ349TIM1P1,1.7315,2.0,SW218968-1
713,168.695,42460.0,256.26385,Z1MZ256TIM6P1,6.2410000000000005,2.0,SW218968-1
714,166.575,459792.0,498.90545,Z1MZ498TIM6P1,6.385,2.0,SW218968-1
715,126.1,1793048.0,239.09185000000002,Z1MZ239TIM2P1,2.4475,2.0,SW218968-1
716,126.21000000000001,42283.0,239.222,Z1MZ239TIM2P2,2.43,2.0,SW218968-1
717,218.815,514697.0,577.0874,Z1MZ577TIM5P1,5.3285,2.0,SW218968-1
718,156.005,150146.5,297.19725,Z1MZ297TIM4P1,4.6259999999999994,2.0,SW218968-1
719,141.315,16367.5,297.04229999999995,Z1MZ297TIM4P2,4.887499999999999,2.0,SW218968-1
720,195.285,878948.5,465.14295000000004,Z1MZ465TIM3P1,3.355,2.0,SW218968-1
721,118.61,20762.0,171.14995,Z1MZ171TIM7P1,7.262499999999999,2.0,SW218968-1
722,111.625,97956.0,194.01075,Z1MZ194TIM5P1,5.21,2.0,SW218968-1
723,184.79500000000002,135901.0,459.2795,Z1MZ459TIM1P1,1.9675,2.0,SW218968-1
724,123.595,263224.0,270.9465,Z1MZ270TIM3P1,3.0495,2.0,SW218968-1
725,292.9,102801.5,815.3989,Z1MZ815TIM4P1,4.224,2.0,SW218968-1
726,99.835,27007.0,131.0852,Z1MZ131TIM5P1,5.918,2.0,SW218968-1
727,194.73000000000002,566063.5,452.32259999999997,Z1MZ452TIM4P1,4.8185,2.0,SW218968-1
728,85.57,100802.5,265.0037,Z1MZ265TIM6P1,6.332000000000001,2.0,SW218968-1
729,155.595,540576.0,291.1583,Z1MZ291TIM4P1,4.412,2.0,SW218968-1
730,108.67,1381608.5,167.9181,Z1MZ167TIM0P1,0.7889999999999999,2.0,SW218968-1
731,108.6,164400.5,167.91785,Z1MZ167TIM0P2,0.073,2.0,SW218968-1
732,134.58,30098.0,251.0477,Z1MZ251TIM5P1,5.49,2.0,SW218968-1
733,259.025,1096319.5,881.2994000000001,Z1MZ881TIM3P1,3.7435,2.0,SW218968-1
734,155.405,32861.5,228.232,Z1MZ228TIM3P1,3.534,2.0,SW218968-1
735,155.35500000000002,27313.5,228.23255,Z1MZ228TIM3P2,3.7220000000000004,2.0,SW218968-1
736,135.26999999999998,22571.5,238.14395000000002,Z1MZ238TIM1P1,1.6400000000000001,2.0,SW218968-1
737,170.17000000000002,85602.5,280.26385000000005,Z1MZ280TIM5P1,5.385,2.0,SW218968-1
738,163.4,152927.5,340.20955000000004,Z1MZ340TIM3P1,3.3989999999999996,2.0,SW218968-1
739,152.475,22492.0,313.16295,Z1MZ313TIM5P1,5.743499999999999,2.0,SW218968-1
740,111.0,865961.5,179.06504999999999,Z1MZ179TIM2P1,2.91,2.0,SW218968-1
741,206.32999999999998,118877.0,559.1308,Z1MZ559TIM6P1,6.009,2.0,SW218968-1
742,183.64,147474.0,385.2922,Z1MZ385TIM5P1,5.206,2.0,SW218968-1
743,189.925,1204354.5,385.29205,Z1MZ385TIM5P2,5.46,2.0,SW218968-1
744,169.77499999999998,66507.0,411.16305,Z1MZ411TIM3P1,3.3255,2.0,SW218968-1
745,119.08,481313.5,173.13369999999998,Z1MZ173TIM5P1,5.215,2.0,SW218968-1
746,210.82,465118.0,507.32945,Z1MZ507TIM5P1,5.228,2.0,SW218968-1
747,150.95,146742.0,327.20095000000003,Z1MZ327TIM1P1,1.7315,2.0,SW218968-1
748,134.94,54714.5,327.8823,Z1MZ327TIM1P2,1.4785000000000001,2.0,SW218968-1
749,119.305,76064.5,158.15445,Z1MZ158TIM3P1,3.6220000000000003,2.0,SW218968-1
750,144.9,48473.5,344.91605000000004,Z1MZ344TIM3P1,3.0715,2.0,SW218968-1
751,117.985,21475.0,234.92284999999998,Z1MZ234TIM0P1,0.5525,2.0,SW218968-1
752,122.82,116251.0,250.8764,Z1MZ250TIM1P1,1.2775,2.0,SW218968-1
753,142.325,41791.5,250.14350000000002,Z1MZ250TIM1P2,1.408,2.0,SW218968-1
754,122.86,22465.5,250.87560000000002,Z1MZ250TIM1P3,1.95,2.0,SW218968-1
755,144.39499999999998,20552.0,353.1064,Z1MZ353TIM4P1,4.708,2.0,SW218968-1
756,187.76999999999998,553514.5,383.3732,Z1MZ383TIM5P1,5.018,2.0,SW218968-1
757,148.83499999999998,72261.0,383.11625000000004,Z1MZ383TIM5P2,5.6395,2.0,SW218968-1
758,187.66,6278696.0,383.20550000000003,Z1MZ383TIM5P3,5.3025,2.0,SW218968-1
759,189.75,15556875.5,383.21025,Z1MZ383TIM5P4,5.0225,2.0,SW218968-1
760,132.0,147486.5,234.09325,Z1MZ234TIM6P1,6.228,2.0,SW218968-1
761,141.13,178744.0,252.1234,Z1MZ252TIM4P1,4.102,2.0,SW218968-1
762,156.95,20026.5,252.23275,Z1MZ252TIM4P2,4.8565000000000005,2.0,SW218968-1
763,215.66500000000002,96237.0,597.34445,Z1MZ597TIM2P1,2.4299999999999997,2.0,SW218968-1
764,202.74,24529.5,471.1319,Z1MZ471TIM4P1,4.4425,2.0,SW218968-1
765,163.47,81720.5,357.18745,Z1MZ357TIM3P1,3.3810000000000002,2.0,SW218968-1
766,164.3,386955.5,393.2099,Z1MZ393TIM1P1,1.8195000000000001,2.0,SW218968-1
767,126.53999999999999,211033.5,219.10674999999998,Z1MZ219TIM4P1,4.739000000000001,2.0,SW218968-1
768,138.305,1510235.0,219.17665,Z1MZ219TIM4P2,4.7565,2.0,SW218968-1
769,137.205,2092310.0,219.17624999999998,Z1MZ219TIM4P3,4.237,2.0,SW218968-1
770,137.73,586494.0,219.17585,Z1MZ219TIM4P4,4.0665000000000004,2.0,SW218968-1
771,123.34,120099.5,272.9439,Z1MZ272TIM3P1,3.085,2.0,SW218968-1
772,119.595,104905.0,177.12745,Z1MZ177TIM4P1,4.569,2.0,SW218968-1
773,120.16,37693.0,177.12775,Z1MZ177TIM4P2,4.175,2.0,SW218968-1
774,119.875,90078.5,177.12810000000002,Z1MZ177TIM4P3,4.9795,2.0,SW218968-1
775,162.98000000000002,22020.5,265.2531,Z1MZ265TIM5P1,5.826,2.0,SW218968-1
776,161.945,30471.0,265.2522,Z1MZ265TIM5P2,5.734500000000001,2.0,SW218968-1
777,122.675,13629.5,187.12644999999998,Z1MZ187TIM1P1,1.53,2.0,SW218968-1
778,118.31,20085.5,257.92395,Z1MZ257TIM0P1,0.645,2.0,SW218968-1
779,101.225,32095.0,143.0849,Z1MZ143TIM5P1,5.04,2.0,SW218968-1
780,112.71000000000001,19208.0,161.13094999999998,Z1MZ161TIM5P1,5.3805,2.0,SW218968-1
781,188.075,6246836.5,401.2886,Z1MZ401TIM4P1,4.8565000000000005,2.0,SW218968-1
782,170.01,3741601.5,256.26685,Z1MZ256TIM5P1,5.625500000000001,2.0,SW218968-1
783,126.125,204124.5,203.12205,Z1MZ203TIM2P1,2.1725000000000003,2.0,SW218968-1
784,126.11000000000001,21591.0,203.1215,Z1MZ203TIM2P2,2.6135,2.0,SW218968-1
785,129.35500000000002,1588656.0,203.14535,Z1MZ203TIM2P3,2.8569999999999998,2.0,SW218968-1
786,131.45,94916.5,203.18625,Z1MZ203TIM2P4,2.8615,2.0,SW218968-1
787,181.115,126895.5,401.17975,Z1MZ401TIM3P1,3.4254999999999995,2.0,SW218968-1
788,171.115,244158.0,401.21495,Z1MZ401TIM3P2,3.4205,2.0,SW218968-1
789,97.62,1027958.5,118.08775,Z1MZ118TIM5P1,5.4205000000000005,2.0,SW218968-1
790,117.265,199931.5,174.12855000000002,Z1MZ174TIM4P1,4.425,2.0,SW218968-1
791,187.19,184981.5,470.20275,Z1MZ470TIM3P1,3.6265,2.0,SW218968-1
792,158.175,20567.5,240.23235,Z1MZ240TIM3P1,3.487,2.0,SW218968-1
793,235.39499999999998,41311.0,685.3932500000001,Z1MZ685TIM2P1,2.513,2.0,SW218968-1
794,124.08,42191.5,194.11849999999998,Z1MZ194TIM2P1,2.963,2.0,SW218968-1
795,124.45,78187.5,194.1184,Z1MZ194TIM2P2,2.3815,2.0,SW218968-1
796,133.52499999999998,69304.5,317.0321,Z1MZ317TIM2P1,2.4255,2.0,SW218968-1
797,177.265,179245.0,340.22755,Z1MZ340TIM2P1,2.653,2.0,SW218968-1
798,183.62,67705.0,481.26329999999996,Z1MZ481TIM6P1,6.3895,2.0,SW218968-1
799,145.09,101944.5,279.09405000000004,Z1MZ279TIM2P1,2.181,2.0,SW218968-1
800,145.05,153854.5,279.09385,Z1MZ279TIM2P2,2.0545,2.0,SW218968-1
801,251.05,846478.0,795.33605,Z1MZ795TIM3P1,3.7615,2.0,SW218968-1
802,119.74000000000001,24049.0,178.12304999999998,Z1MZ178TIM0P1,0.526,2.0,SW218968-1
803,120.475,51341.0,178.1231,Z1MZ178TIM0P2,0.758,2.0,SW218968-1
804,103.77000000000001,52036.0,178.9085,Z1MZ178TIM0P3,0.7845,2.0,SW218968-1
805,120.055,12581.0,178.12345,Z1MZ178TIM0P4,0.064,2.0,SW218968-1
806,228.855,334896.0,537.2588000000001,Z1MZ537TIM4P1,4.224,2.0,SW218968-1
807,134.7,86730.5,329.87755,Z1MZ329TIM0P1,0.526,2.0,SW218968-1
808,134.285,28479.0,329.87755000000004,Z1MZ329TIM0P2,0.9239999999999999,2.0,SW218968-1
809,165.5,128534.5,301.07595000000003,Z1MZ301TIM4P1,4.5645,2.0,SW218968-1
810,177.11,94126.0,407.12655,Z1MZ407TIM4P1,4.5205,2.0,SW218968-1
811,178.515,75796.0,395.1263,Z1MZ395TIM4P1,4.321,2.0,SW218968-1
812,163.075,97178.0,299.21945,Z1MZ299TIM4P1,4.516,2.0,SW218968-1
813,130.43,159203.0,229.14155,Z1MZ229TIM6P1,6.3675,2.0,SW218968-1
814,130.67000000000002,328098.5,229.14175,Z1MZ229TIM6P2,6.1625,2.0,SW218968-1
815,126.575,19479.5,230.06405,Z1MZ230TIM3P1,3.861,2.0,SW218968-1
816,175.86,2727007.5,391.15325,Z1MZ391TIM4P1,4.5205,2.0,SW218968-1
817,177.32999999999998,672489.5,391.15255,Z1MZ391TIM4P2,4.6525,2.0,SW218968-1
818,170.4,70137.0,391.2092,Z1MZ391TIM4P3,4.962,2.0,SW218968-1
819,169.445,812233.0,389.18195000000003,Z1MZ389TIM3P1,3.3165,2.0,SW218968-1
820,118.89500000000001,12225.0,178.12405,Z1MZ178TIM3P1,3.4034999999999997,2.0,SW218968-1
821,122.72,331241.5,250.87585,Z1MZ250TIM0P1,0.5305,2.0,SW218968-1
822,122.875,668172.0,250.87625,Z1MZ250TIM0P2,0.78,2.0,SW218968-1
823,140.505,202853.5,209.2021,Z1MZ209TIM2P1,2.5255,2.0,SW218968-1
824,140.54500000000002,92067.5,209.20159999999998,Z1MZ209TIM2P2,2.6095,2.0,SW218968-1
825,140.935,30001.0,209.2022,Z1MZ209TIM2P3,2.9234999999999998,2.0,SW218968-1
826,169.95499999999998,112286.0,353.1018,Z1MZ353TIM3P1,3.6485,2.0,SW218968-1
827,162.20999999999998,174805.0,353.0815,Z1MZ353TIM3P2,3.364,2.0,SW218968-1
828,289.855,1555457.5,390.18205,Z2MZ390TIM5P1,5.3285,2.0,SW218968-1
829,130.72,50982.0,220.1127,Z1MZ220TIM4P1,4.184,2.0,SW218968-1
830,131.01,47557.0,220.1125,Z1MZ220TIM4P2,4.447,2.0,SW218968-1
831,131.145,136851.0,220.1139,Z1MZ220TIM4P3,4.665,2.0,SW218968-1
832,188.005,401302.0,375.2514,Z1MZ375TIM5P1,5.2325,2.0,SW218968-1
833,148.39499999999998,224843.5,293.10990000000004,Z1MZ293TIM3P1,3.8280000000000003,2.0,SW218968-1
834,134.69,137535.5,293.033,Z1MZ293TIM3P2,3.3855000000000004,2.0,SW218968-1
835,148.16500000000002,1608630.0,293.11154999999997,Z1MZ293TIM3P3,3.5955000000000004,2.0,SW218968-1
836,139.235,20817.5,209.20125000000002,Z1MZ209TIM4P1,4.2725,2.0,SW218968-1
837,140.09,27656.0,209.2017,Z1MZ209TIM4P2,4.0755,2.0,SW218968-1
838,168.38,76231.0,353.172,Z1MZ353TIM5P1,5.5555,2.0,SW218968-1
839,167.99,59792.5,353.17184999999995,Z1MZ353TIM5P2,5.734500000000001,2.0,SW218968-1
